cer,wer,bwer,line_count_match,gt_line_count,transcription_line_count,document_id,method
0.061546840958605666,0.2861635220125786,0.2672955974842767,True,34,34,7474188,openai
0.04281524926686217,0.23674911660777384,0.23674911660777384,True,31,31,7474189,openai
0.04542772861356932,0.2206896551724138,0.2206896551724138,True,31,31,7474194,openai
0.045631608235948806,0.23692307692307693,0.23076923076923078,True,33,33,7474190,openai
0.08396946564885496,0.6,0.6,False,4,6,7474184,openai
0.07744565217391304,0.35714285714285715,0.3492063492063492,False,28,29,7474185,openai
0.056836461126005364,0.23668639053254437,0.23372781065088757,True,33,33,7474191,openai
0.05013623978201635,0.2113564668769716,0.20504731861198738,True,33,33,7474187,openai
0.07094972067039106,0.2861635220125786,0.2830188679245283,True,32,32,7474193,openai
0.060880048221820374,0.2313167259786477,0.2313167259786477,True,33,33,7474186,openai
