method,mean_cer,median_cer,std_cer,mean_wer,median_wer,std_wer,mean_bwer,median_bwer,std_bwer,line_match_rate,num_documents
openai,0.07168037189458233,0.07478005865102635,0.020589254402316255,0.31510039520924055,0.28031069579191714,0.10325885071439249,0.3067192826963749,0.2665843066786463,0.10151712888865887,0.6470588235294118,34
