cer,wer,bwer,line_count_match,gt_line_count,transcription_line_count,document_id,method
0.05827886710239651,0.2830188679245283,0.2641509433962264,True,34,34,7474188,openai
0.0750733137829912,0.38515901060070673,0.37809187279151946,False,31,1,7474189,openai
