method,mean_cer,median_cer,std_cer,mean_wer,median_wer,std_wer,mean_bwer,median_bwer,std_bwer,line_match_rate,num_documents
openai,0.07307027913317464,0.07762020939462144,0.019351727559674927,0.27784609851593267,0.2685615666384897,0.07350350924898116,0.2693740928846714,0.25423828308443686,0.06892377849344518,0.7,10
