method,mean_cer,median_cer,std_cer,mean_wer,median_wer,std_wer,mean_bwer,median_bwer,std_bwer,line_match_rate,num_documents
mistral,0.10877155720488599,0.039950838635049155,0.16620833511667024,0.18489626924250419,0.118705035971223,0.185469454606345,0.17403042739485725,0.11603348899827501,0.1733988409981477,1.0,20
