method,mean_cer,median_cer,std_cer,mean_wer,median_wer,std_wer,mean_bwer,median_bwer,std_bwer,line_match_rate,num_documents
openai,0.2705010974858936,0.25091911764705876,0.21405847711471376,0.3359416599132097,0.3406593406593406,0.22973342691507906,0.23089129367852435,0.14598984771573603,0.19153743051124583,0.11428571428571428,70
