cer,wer,bwer,line_count_match,gt_line_count,transcription_line_count,document_id,method
0.01951219512195122,0.06349206349206349,0.06349206349206349,True,21,21,071106002,mistral
0.01340033500837521,0.06030150753768844,0.06030150753768844,True,22,22,071108002,mistral
0.04487179487179487,0.11510791366906475,0.11510791366906475,True,15,15,071112003,mistral
0.06023029229406555,0.14358974358974358,0.14358974358974358,True,26,26,071157001,mistral
0.03067484662576687,0.10837438423645321,0.10344827586206896,True,27,27,071002003,mistral
0.033582089552238806,0.07777777777777778,0.06666666666666667,True,12,12,071133003,mistral
0.007518796992481203,0.043478260869565216,0.043478260869565216,True,4,4,071042002,mistral
0.018433179723502304,0.08333333333333333,0.08333333333333333,True,7,7,071054002,mistral
0.1427061310782241,0.2711864406779661,0.23163841807909605,True,28,28,071003003,mistral
0.018386108273748723,0.08187134502923976,0.08187134502923976,True,21,21,071111002,mistral
