{
  "gemini": {
    "model": "gemini-2.0-flash",
    "avg_cer": 0.1422898445122269,
    "avg_wer": 0.21954101857233402,
    "avg_bwer": 0.06528639236644332,
    "doc_count": 10
  },
  "openai": {
    "model": "gpt-4o",
    "avg_cer": 0.2476278529159313,
    "avg_wer": 0.3081991789746762,
    "avg_bwer": 0.21084425857465033,
    "doc_count": 10
  },
  "mistral": {
    "model": "pixtral-large-latest",
    "avg_cer": 0.2546293859698817,
    "avg_wer": 0.3263609003825282,
    "avg_bwer": 0.21802349879606817,
    "doc_count": 10
  }
}
