{
  "gemini": {
    "model": "gemini-2.0-flash",
    "avg_cer": 0.1420169017684974,
    "avg_wer": 0.22323234804416742,
    "avg_bwer": 0.08698010556667236,
    "doc_count": 10
  },
  "mistral": {
    "model": "mistral-small-latest",
    "avg_cer": 0.2210775210665982,
    "avg_wer": 0.2972677711176688,
    "avg_bwer": 0.17553688246921767,
    "doc_count": 10
  },
  "openai": {
    "model": "gpt-4o",
    "avg_cer": 0.2220089967047479,
    "avg_wer": 0.3123396597964949,
    "avg_bwer": 0.18029080702050101,
    "doc_count": 10
  }
}