{
  "gemini": {
    "model": "gemini-2.0-flash",
    "avg_cer": 0.13595287278183907,
    "avg_wer": 0.2030568728497694,
    "avg_bwer": 0.05842142460609293,
    "doc_count": 10
  },
  "mistral": {
    "model": "mistral-small-latest",
    "avg_cer": 0.21676424477137352,
    "avg_wer": 0.2805974220668456,
    "avg_bwer": 0.15897484767426912,
    "doc_count": 10
  },
  "openai": {
    "model": "gpt-4o",
    "avg_cer": 0.1538374040290153,
    "avg_wer": 0.23145227808864272,
    "avg_bwer": 0.09449226971552131,
    "doc_count": 10
  }
}