{
  "gemini": {
    "model": "gemini-2.0-flash",
    "avg_cer": 0.1415596488336346,
    "avg_wer": 0.20580709908251538,
    "avg_bwer": 0.059989836790491746,
    "doc_count": 10
  },
  "openai": {
    "model": "gpt-4o",
    "avg_cer": 0.39812483711003793,
    "avg_wer": 0.44810373530940917,
    "avg_bwer": 0.3675775515262799,
    "doc_count": 10
  },
  "mistral": {
    "model": "pixtral-large-latest",
    "avg_cer": 0.22165010495337759,
    "avg_wer": 0.29776383697272785,
    "avg_bwer": 0.18733597563042403,
    "doc_count": 10
  }
}
