method,mean_cer,median_cer,std_cer,mean_wer,median_wer,std_wer,mean_bwer,median_bwer,std_bwer,line_match_rate,num_documents
transkribus,0.1482848015410166,0.044851899074972404,0.18285945485689156,0.23142457259190188,0.11244755244755245,0.2277984379414115,0.10237029841508283,0.08941058941058941,0.04876276758449549,0.2,80
