{
  "gemini": {
    "model": "gemini-2.0-flash",
    "avg_cer": 0.1472934607730301,
    "avg_wer": 0.2231364805665111,
    "avg_bwer": 0.08121751342109185,
    "doc_count": 10
  },
  "mistral": {
    "model": "mistral-small-latest",
    "avg_cer": 0.20021834859999052,
    "avg_wer": 0.27801335682609796,
    "avg_bwer": 0.14944465770235965,
    "doc_count": 10
  },
  "openai": {
    "model": "gpt-4o",
    "avg_cer": 0.1816687609776066,
    "avg_wer": 0.2727116290089181,
    "avg_bwer": 0.13536073863381418,
    "doc_count": 10
  }
}