{
  "gemini": {
    "model": "gemini-2.0-flash",
    "avg_cer": 0.16780983364699292,
    "avg_wer": 0.24415342263334897,
    "avg_bwer": 0.10328233942832646,
    "doc_count": 10
  },
  "mistral": {
    "model": "pixtral-large-latest",
    "avg_cer": 0.30509570519703216,
    "avg_wer": 0.41465395462550614,
    "avg_bwer": 0.30318380291862557,
    "doc_count": 10
  },
  "openai": {
    "model": "gpt-4o",
    "avg_cer": 0.1961152365661204,
    "avg_wer": 0.2786052703513434,
    "avg_bwer": 0.16580169025007718,
    "doc_count": 10
  }
}
