{
  "mistral": {
    "model": "mistral-small-latest",
    "avg_cer": 0.1616428589038305,
    "avg_wer": 0.24178851755771028,
    "avg_bwer": 0.11496294609694772,
    "doc_count": 10
  },
  "gemini": {
    "model": "gemini-2.0-flash",
    "avg_cer": 0.1511807283740151,
    "avg_wer": 0.25533478274036886,
    "avg_bwer": 0.10887235952118342,
    "doc_count": 10
  },
  "openai": {
    "model": "gpt-4o",
    "avg_cer": 0.18830152480180878,
    "avg_wer": 0.27412207235395347,
    "avg_bwer": 0.1510085930298178,
    "doc_count": 10
  }
}