{
  "gemini": {
    "model": "gemini-2.0-flash",
    "avg_cer": 0.149050418142877,
    "avg_wer": 0.2471932752116302,
    "avg_bwer": 0.09718903379533317,
    "doc_count": 10
  },
  "openai": {
    "model": "gpt-4o",
    "avg_cer": 0.36647798637174145,
    "avg_wer": 0.431029318745911,
    "avg_bwer": 0.3302595277748894,
    "doc_count": 10
  },
  "mistral": {
    "model": "pixtral-large-latest",
    "avg_cer": 0.3164041594314835,
    "avg_wer": 0.423377146376456,
    "avg_bwer": 0.30911581281858413,
    "doc_count": 10
  }
}
