method,mean_cer,median_cer,std_cer,mean_wer,median_wer,std_wer,mean_bwer,median_bwer,std_bwer,line_match_rate,num_documents
openai,0.0650267295237858,0.06460908638817844,0.00904422650162008,0.32747036351222836,0.3165436581155884,0.054267042573287586,0.31703073612090693,0.306298270423148,0.05652658647686101,0.7,10
