method,mean_cer,median_cer,std_cer,mean_wer,median_wer,std_wer,mean_bwer,median_bwer,std_bwer,line_match_rate,num_documents
openai,0.036259188458571595,0.035718584496870445,0.020288422608735663,0.1180190206807993,0.1111111111111111,0.05594149019036292,0.11458734041296083,0.1079136690647482,0.04976295566815704,1.0,18
