cer,wer,bwer,line_count_match,gt_line_count,transcription_line_count,document_id,method
0.1906318082788671,0.5377358490566038,0.5251572327044025,False,34,35,7474188,mistral
0.15425219941348975,0.49469964664310956,0.46996466431095407,True,31,31,7474189,mistral
0.21887905604719765,0.5724137931034483,0.5241379310344828,False,31,32,7474194,mistral
0.12799109627156371,0.39692307692307693,0.39076923076923076,True,33,33,7474190,mistral
0.0916030534351145,0.35,0.35,True,4,4,7474184,mistral
0.16576086956521738,0.48412698412698413,0.47619047619047616,False,28,29,7474185,mistral
0.142627345844504,0.40532544378698226,0.3816568047337278,True,33,33,7474191,mistral
0.1335149863760218,0.4668769716088328,0.45741324921135645,True,33,33,7474187,mistral
0.16871508379888267,0.4937106918238994,0.48427672955974843,True,32,32,7474193,mistral
0.15491259795057263,0.4234875444839858,0.40213523131672596,True,33,33,7474186,mistral
