method,mean_cer,median_cer,std_cer,mean_wer,median_wer,std_wer,mean_bwer,median_bwer,std_bwer,line_match_rate,num_documents
mistral,0.07981226444998069,0.05937888477840845,0.10784247838674589,0.2562538982278377,0.24163087495398206,0.09732271297579315,0.24514156131611858,0.23345392338325194,0.05734261713530347,0.675,40
