cer,wer,bwer,line_count_match,gt_line_count,transcription_line_count,document_id,method
0.0876906318082788,0.3238993710691824,0.3144654088050314,True,34,34,7474188,openai
0.0686217008797654,0.3674911660777385,0.3462897526501767,False,31,1,7474189,openai
0.0861356932153392,0.3793103448275862,0.3689655172413793,False,31,1,7474194,openai
0.0473010573177518,0.2461538461538461,0.2369230769230769,True,33,33,7474190,openai
0.1221374045801526,0.7,0.65,False,4,1,7474184,openai
0.1134510869565217,0.492063492063492,0.4801587301587302,False,28,1,7474185,openai
0.0815013404825737,0.3491124260355029,0.3431952662721893,True,33,33,7474191,openai
0.0692098092643051,0.2176656151419558,0.2113564668769716,True,33,33,7474187,openai
0.094413407821229,0.4339622641509434,0.4088050314465409,False,32,1,7474193,openai
0.1253767329716696,0.5231316725978647,0.494661921708185,False,33,1,7474186,openai
0.0876906318082788,0.3238993710691824,0.3144654088050314,True,34,34,7474188,openai
0.0709677419354838,0.3780918727915194,0.3604240282685512,False,31,1,7474189,openai
0.0825958702064896,0.3862068965517241,0.3724137931034483,False,31,1,7474194,openai
0.0372843628269337,0.1661538461538461,0.163076923076923,True,33,33,7474190,openai
0.1221374045801526,0.7,0.65,False,4,1,7474184,openai
0.1134510869565217,0.492063492063492,0.4801587301587302,False,28,1,7474185,openai
0.1211796246648793,0.4289940828402367,0.4230769230769231,True,33,33,7474191,openai
0.0779291553133515,0.2555205047318612,0.2492113564668769,True,33,33,7474187,openai
0.0905027932960893,0.4245283018867924,0.4025157232704403,False,32,1,7474193,openai
0.1308016877637131,0.5302491103202847,0.501779359430605,False,33,1,7474186,openai
0.0887799564270152,0.3333333333333333,0.3238993710691824,True,34,34,7474188,openai
0.0709677419354838,0.3780918727915194,0.3604240282685512,False,31,1,7474189,openai
0.0831858407079646,0.3724137931034483,0.3620689655172414,False,31,1,7474194,openai
0.0417362270450751,0.2184615384615384,0.2123076923076923,True,33,33,7474190,openai
0.1221374045801526,0.7,0.65,False,4,1,7474184,openai
0.1141304347826086,0.492063492063492,0.4801587301587302,False,28,1,7474185,openai
0.1211796246648793,0.4289940828402367,0.4230769230769231,True,33,33,7474191,openai
0.0762942779291553,0.3690851735015772,0.3375394321766561,False,33,1,7474187,openai
0.0932960893854748,0.4339622641509434,0.4119496855345912,False,32,1,7474193,openai
0.12718505123568416,0.5302491103202847,0.501779359430605,False,33,1,7474186,openai
