method,mean_cer,median_cer,std_cer,mean_wer,median_wer,std_wer,mean_bwer,median_bwer,std_bwer,line_match_rate,num_documents
openai,0.021873204743553885,0.018857255944135003,0.010961071534823003,0.078104725741999,0.06746182001767005,0.04441409775589552,0.07473372762523818,0.06570743405275775,0.037821296938689714,1.0,10
