cer,wer,bwer,line_count_match,gt_line_count,transcription_line_count,document_id,method
1.0,1.0,1.0,True,24,24,071_108_002,openai
0.0165853658536585,0.0634920634920634,0.0634920634920634,True,21,21,071106002,openai
0.0201005025125628,0.0904522613065326,0.0904522613065326,True,22,22,071108002,openai
0.0423076923076923,0.1079136690647482,0.1079136690647482,True,15,15,071112003,openai
0.0770593445527015,0.1897435897435897,0.1897435897435897,True,26,26,071157001,openai
0.0517090271691498,0.1527093596059113,0.1527093596059113,True,27,27,071002003,openai
0.042910447761194,0.1111111111111111,0.1,True,12,12,071133003,openai
0.0075187969924812,0.0434782608695652,0.0434782608695652,True,4,4,071042002,openai
0.2672811059907834,0.3611111111111111,0.3611111111111111,True,7,7,071054002,openai
0.1194503171247357,0.3050847457627119,0.2655367231638418,True,28,28,071003003,openai
0.03472931562819203,0.13450292397660818,0.1286549707602339,True,21,21,071111002,openai
