method,mean_cer,median_cer,std_cer,mean_wer,median_wer,std_wer,mean_bwer,median_bwer,std_bwer,line_match_rate,num_documents
mistral,0.2293047243221718,0.2225639724767733,0.17469654905820234,0.30415298059519413,0.2561543495771244,0.20023054862374848,0.19418914527661785,0.16828821206993788,0.10439567647044282,0.1,10
