{
  "gemini": {
    "model": "gemini-2.0-flash",
    "avg_cer": 0.04098138915137521,
    "avg_wer": 0.13727825200679855,
    "avg_bwer": 0.13078803464574543,
    "doc_count": 10
  },
  "mistral": {
    "model": "mistral-small-latest",
    "avg_cer": 0.05832636985145364,
    "avg_wer": 0.1672657964143783,
    "avg_bwer": 0.15777605791186172,
    "doc_count": 10
  },
  "openai": {
    "model": "gpt-4o",
    "avg_cer": 0.0414284682013504,
    "avg_wer": 0.1378773492520459,
    "avg_bwer": 0.1311165206268105,
    "doc_count": 10
  }
}