{
  "openai": {
    "model": "gpt-4o",
    "avg_cer": 0.047335483951773005,
    "avg_wer": 0.13430855096050287,
    "avg_bwer": 0.12924263758950474,
    "doc_count": 10
  },
  "gemini": {
    "model": "gemini-2.0-flash",
    "avg_cer": 0.04267789800117822,
    "avg_wer": 0.14813254529879805,
    "avg_bwer": 0.1436748242514662,
    "doc_count": 10
  },
  "mistral": {
    "model": "pixtral-large-latest",
    "avg_cer": 0.9424284552076794,
    "avg_wer": 0.8715186164793728,
    "avg_bwer": 0.9383883183662576,
    "doc_count": 10
  }
}