{
  "gemini": {
    "model": "gemini-2.0-flash",
    "avg_cer": 0.021363756373997497,
    "avg_wer": 0.07700506028961743,
    "avg_bwer": 0.07425256244652927,
    "doc_count": 10
  },
  "mistral": {
    "model": "mistral-small-latest",
    "avg_cer": 0.03890502164828221,
    "avg_wer": 0.12675841593592632,
    "avg_bwer": 0.12189075291513647,
    "doc_count": 10
  },
  "openai": {
    "model": "gpt-4o",
    "avg_cer": 0.02056819282578395,
    "avg_wer": 0.07751352156292127,
    "avg_bwer": 0.07525363455727156,
    "doc_count": 10
  }
}