{
  "openai": {
    "model": "gpt-4o",
    "avg_cer": 0.021873204743553917,
    "avg_wer": 0.07810472574199905,
    "avg_bwer": 0.07473372762523822,
    "doc_count": 10
  },
  "gemini": {
    "model": "gemini-2.0-flash",
    "avg_cer": 0.027129963594157674,
    "avg_wer": 0.09399731084811647,
    "avg_bwer": 0.0922399364052808,
    "doc_count": 10
  }
}
