method,mean_cer,median_cer,std_cer,mean_wer,median_wer,std_wer,mean_bwer,median_bwer,std_bwer,line_match_rate,num_documents
transkribus,0.14828480154101656,0.044851899074972404,0.18355783851217802,0.23142457259190188,0.11244755244755245,0.2286684542382586,0.10237029841508281,0.08941058941058941,0.048949004166542597,0.2,50
