{
  "openai": {
    "model": "gpt-4o",
    "avg_cer": 0.019789033873444085,
    "avg_wer": 0.07079645189333936,
    "avg_bwer": 0.06742545377657853,
    "doc_count": 10
  },
  "gemini": {
    "model": "gemini-2.0-flash",
    "avg_cer": 0.027349116092179947,
    "avg_wer": 0.09339939295898692,
    "avg_bwer": 0.09164201851615127,
    "doc_count": 10
  }
}
