{
  "openai": {
    "model": "gpt-4o",
    "avg_cer": 0.038703763464228436,
    "avg_wer": 0.12673767124437968,
    "avg_bwer": 0.12167175787338161,
    "doc_count": 10
  },
  "gemini": {
    "model": "gemini-2.0-flash",
    "avg_cer": 0.04734751065584267,
    "avg_wer": 0.15560089935967736,
    "avg_bwer": 0.15067932171147014,
    "doc_count": 10
  }
}