{
  "gemini": {
    "model": "gemini-2.0-flash",
    "avg_cer": 0.02678937576300474,
    "avg_wer": 0.08196451016689305,
    "avg_bwer": 0.07695212531815518,
    "doc_count": 10
  },
  "mistral": {
    "model": "mistral-small-latest",
    "avg_cer": 0.04076284182785716,
    "avg_wer": 0.13363894954473404,
    "avg_bwer": 0.12756898210714535,
    "doc_count": 10
  },
  "openai": {
    "model": "gpt-4o",
    "avg_cer": 0.019023520309340177,
    "avg_wer": 0.06977830351154196,
    "avg_bwer": 0.06808338825730467,
    "doc_count": 10
  }
}