{
  "mistral": {
    "model": "mistral-small-latest",
    "avg_cer": 0.05991030418625939,
    "avg_wer": 0.16164968627539583,
    "avg_bwer": 0.15524123907867643,
    "doc_count": 10
  },
  "openai": {
    "model": "gpt-4o",
    "avg_cer": 0.049966329560931576,
    "avg_wer": 0.1370660509536512,
    "avg_bwer": 0.12892353301552706,
    "doc_count": 10
  },
  "gemini": {
    "model": "gemini-2.0-flash",
    "avg_cer": 0.05059329494667157,
    "avg_wer": 0.1346160054093527,
    "avg_bwer": 0.1225538567174603,
    "doc_count": 10
  }
}