method,mean_cer,median_cer,std_cer,mean_wer,median_wer,std_wer,mean_bwer,median_bwer,std_bwer,line_match_rate,num_documents
mistral,0.30509570519703216,0.2969227457138899,0.16754528408505692,0.41465395462550614,0.3920940170940171,0.20166024524379586,0.30318380291862557,0.30018410908463267,0.11053155298956835,0.2,10
