method,mean_cer,median_cer,std_cer,mean_wer,median_wer,std_wer,line_match_rate,num_documents,mean_bow,median_bow,std_bow
mistral,0.15912967005389236,0.1368294153104279,0.06778547289022595,0.5095563204177505,0.4937106918238994,0.09212679199334808,0.7043478260869566,115,0.6304773002654386,0.6215053763440861,0.058156239920098586
