cer,wer,bwer,line_count_match,gt_line_count,transcription_line_count,document_id,method
0.0117073170731707,0.0423280423280423,0.0423280423280423,True,21,21,71106002,openai
0.0134003350083752,0.0603015075376884,0.0603015075376884,True,22,22,71108002,openai
0.0282051282051282,0.0575539568345323,0.0575539568345323,True,15,15,71112003,openai
0.0239149689991142,0.082051282051282,0.082051282051282,True,26,26,71157001,openai
0.0175284837861524,0.0492610837438423,0.0492610837438423,True,27,27,71002003,openai
0.0298507462686567,0.0666666666666666,0.0555555555555555,True,12,12,71133003,openai
0.0075187969924812,0.0434782608695652,0.0434782608695652,True,4,4,71042002,openai
0.0092165898617511,0.0555555555555555,0.0555555555555555,True,7,7,71054002,openai
0.0412262156448203,0.1864406779661017,0.1638418079096045,True,28,28,71003003,openai
0.015321756894790603,0.06432748538011696,0.06432748538011696,True,21,21,071111002,openai
