method,mean_cer,median_cer,std_cer,mean_wer,median_wer,std_wer,mean_bwer,median_bwer,std_bwer,line_match_rate,num_documents
openai,0.01798092729318644,0.01583248212461695,0.010845548551237032,0.06590763540316527,0.056554756195043895,0.04480846366895855,0.06403067369569508,0.0555555555555555,0.04067100883929904,1.0,30
