cer,wer,bwer,line_count_match,gt_line_count,transcription_line_count,document_id,method
0.15522875816993464,0.5094339622641509,0.4968553459119497,False,34,35,7474188,mistral
0.16187683284457477,0.5053003533568905,0.4911660777385159,True,31,31,7474189,mistral
0.1752212389380531,0.5172413793103449,0.503448275862069,True,31,31,7474194,mistral
0.11797440178074568,0.38153846153846155,0.37538461538461537,True,33,33,7474190,mistral
0.10687022900763359,0.35,0.35,True,4,4,7474184,mistral
0.15353260869565216,0.4523809523809524,0.44047619047619047,False,28,29,7474185,mistral
0.14959785522788205,0.41420118343195267,0.3905325443786982,True,33,33,7474191,mistral
0.12697547683923704,0.43217665615141954,0.42586750788643535,True,33,33,7474187,mistral
0.17430167597765364,0.5251572327044025,0.5157232704402516,True,32,32,7474193,mistral
0.1410488245931284,0.4412811387900356,0.4306049822064057,True,33,33,7474186,mistral
