method,mean_cer,median_cer,std_cer,mean_wer,median_wer,std_wer,mean_bwer,median_bwer,std_bwer,line_match_rate,num_documents
mistral,0.1616428589038305,0.0864904270644546,0.18322411927346485,0.24178851755771022,0.18113830613830612,0.2154230588202505,0.11496294609694768,0.1364869595659023,0.061436475501183606,0.2,10
