{
  "gemini": {
    "model": "gemini-2.0-flash",
    "avg_cer": 0.036493033149744086,
    "avg_wer": 0.1486142642888605,
    "avg_bwer": 0.14570217282759687,
    "doc_count": 9
  },
  "openai": {
    "model": "gpt-4o",
    "avg_cer": 0.06036539537567811,
    "avg_wer": 0.30160337491317674,
    "avg_bwer": 0.2976962316498962,
    "doc_count": 10
  },
  "mistral": {
    "model": "mistral-small-latest",
    "avg_cer": 0.05988759430326194,
    "avg_wer": 0.24219619497734968,
    "avg_bwer": 0.2386075863368439,
    "doc_count": 10
  }
}