{
  "gemini": {
    "model": "gemini-2.0-flash",
    "avg_cer": 0.047257345061223005,
    "avg_wer": 0.21981646014426126,
    "avg_bwer": 0.2151780784551851,
    "doc_count": 9
  },
  "openai": {
    "model": "gpt-4o",
    "avg_cer": 0.23154444677687183,
    "avg_wer": 0.5295567973584229,
    "avg_bwer": 0.47171080377113145,
    "doc_count": 10
  },
  "mistral": {
    "model": "mistral-small-latest",
    "avg_cer": 0.0871680887108538,
    "avg_wer": 0.3141644199567831,
    "avg_bwer": 0.3108165139787952,
    "doc_count": 10
  }
}