method,mean_cer,median_cer,std_cer,mean_wer,median_wer,std_wer,mean_bwer,median_bwer,std_bwer,line_match_rate,num_documents
transkribus,0.08127946959285069,0.08120651339741974,0.008935978297215846,0.39672957987020274,0.3720451095207113,0.07245057847762396,0.3904648946746447,0.3629442970822281,0.07396446670497259,0.7,400
