method,mean_cer,median_cer,std_cer,mean_wer,median_wer,std_wer,mean_bwer,median_bwer,std_bwer,line_match_rate,num_documents
transkribus,0.08127946959285068,0.08120651339741974,0.008932125751963619,0.3967295798702028,0.3720451095207113,0.07241934304677895,0.3904648946746447,0.3629442970822281,0.07393257859540471,0.7,610
