method,mean_cer,median_cer,std_cer,mean_wer,median_wer,std_wer,mean_bwer,median_bwer,std_bwer,line_match_rate,num_documents
transkribus,0.0812794695928507,0.08120651339741974,0.008959326806944546,0.39672957987020274,0.3720451095207113,0.07263988209723568,0.39046489467464474,0.3629442970822281,0.07415772591095984,0.7,130
