method,mean_cer,median_cer,std_cer,mean_wer,median_wer,std_wer,mean_bwer,median_bwer,std_bwer,line_match_rate,num_documents
transkribus,0.08127946959285068,0.08120651339741974,0.00893688637895156,0.3967295798702028,0.3720451095207113,0.07245794096719914,0.39046489467464474,0.3629442970822281,0.07397198303716057,0.7,370
