{
  "gemini": {
    "model": "gemini-2.0-flash",
    "avg_cer": 0.04343277953155445,
    "avg_wer": 0.20340549276882885,
    "avg_bwer": 0.1996953385629335,
    "doc_count": 9
  },
  "mistral": {
    "model": "mistral-small-latest",
    "avg_cer": 0.09026514829860025,
    "avg_wer": 0.3288417468918875,
    "avg_bwer": 0.3207462604887269,
    "doc_count": 10
  },
  "openai": {
    "model": "gpt-4o",
    "avg_cer": 0.21479544700439068,
    "avg_wer": 0.5169058663432169,
    "avg_bwer": 0.45963598015194396,
    "doc_count": 7
  }
}