{
  "gemini": {
    "model": "gemini-2.0-flash",
    "avg_cer": 0.05572152839315124,
    "avg_wer": 0.21473838552165234,
    "avg_bwer": 0.21124149143535517,
    "doc_count": 10
  },
  "openai": {
    "model": "gpt-4o",
    "avg_cer": 0.3161744634280467,
    "avg_wer": 0.7072501953569843,
    "avg_bwer": 0.6499251538426306,
    "doc_count": 10
  }
}
