{
  "gemini": {
    "model": "gemini-2.0-flash",
    "avg_cer": 0.03479424056611624,
    "avg_wer": 0.16003859399517056,
    "avg_bwer": 0.15867458131080925,
    "doc_count": 10
  },
  "openai": {
    "model": "gpt-4o",
    "avg_cer": 0.0730702791331747,
    "avg_wer": 0.27784609851593267,
    "avg_bwer": 0.2693740928846715,
    "doc_count": 10
  },
  "mistral": {
    "model": "pixtral-large-latest",
    "avg_cer": 0.08264385757521339,
    "avg_wer": 0.29611567282132395,
    "avg_bwer": 0.29091548266218625,
    "doc_count": 10
  }
}
