{
  "gemini": {
    "model": "gemini-2.0-flash",
    "avg_cer": 0.06755257745983466,
    "avg_wer": 0.3293676992095739,
    "avg_bwer": 0.3272290367109695,
    "doc_count": 10
  },
  "mistral": {
    "model": "mistral-small-latest",
    "avg_cer": 0.11394951115842297,
    "avg_wer": 0.45905926586468115,
    "avg_bwer": 0.45081731223362465,
    "doc_count": 10
  },
  "openai": {
    "model": "gpt-4o",
    "avg_cer": 0.2411299960992729,
    "avg_wer": 0.582162992566676,
    "avg_bwer": 0.5233384483296835,
    "doc_count": 8
  }
}