method,mean_cer,median_cer,std_cer,mean_wer,median_wer,std_wer,mean_bwer,median_bwer,std_bwer,line_match_rate,num_documents
mistral,0.15967065191648738,0.15951286178758123,0.044022205155842785,0.4880789027566431,0.5130052062642441,0.10209604894387096,0.4712578527083765,0.49262445898760115,0.09388912308328014,0.6,10
