method,mean_cer,median_cer,std_cer,mean_wer,median_wer,std_wer,mean_bwer,median_bwer,std_bwer,line_match_rate,num_documents
mistral,0.19250490327165126,0.1737472766884531,0.09526556430279261,0.4892603472422907,0.5053003533568905,0.11609559408832139,0.4562554587294762,0.4770318021201413,0.11033041235162708,0.41509433962264153,53
