method,mean_cer,median_cer,std_cer,mean_wer,median_wer,std_wer,mean_bwer,median_bwer,std_bwer,line_match_rate,num_documents
openai,0.27679768360699036,0.2479619565217391,0.1850594459594812,0.5895055598141261,0.5408805031446541,0.2689104438039699,0.530459605097007,0.4779874213836478,0.2650205426004399,0.6571428571428571,35
