method,mean_cer,median_cer,std_cer,mean_wer,median_wer,std_wer,mean_bwer,median_bwer,std_bwer,line_match_rate,num_documents
mistral,0.23495592339746976,0.23998748435544426,0.1811679622702662,0.3249925284145049,0.30269730269730266,0.2121455566793313,0.20618627181244809,0.17849454649827784,0.13094329822696424,0.1,40
