method,mean_cer,median_cer,std_cer,mean_wer,median_wer,std_wer,mean_bwer,median_bwer,std_bwer,line_match_rate,num_documents
mistral,0.23918453535819784,0.26378676470588236,0.19186631257502915,0.3156288743794674,0.3269230769230769,0.21824718309701732,0.20411737261643842,0.1370558375634517,0.13731686822513808,0.15,20
