cer,wer,bwer,line_count_match,gt_line_count,transcription_line_count,document_id,method
0.0212765957446808,0.0261780104712041,0.0261780104712041,False,23,24,71106002,mistral
0.0208159866777685,0.0696517412935323,0.0646766169154228,True,24,24,71108002,mistral
0.0426599749058971,0.1398601398601398,0.1258741258741259,True,16,16,71112003,mistral
0.4272970561998216,0.5431472081218274,0.1370558375634517,False,23,21,71157001,mistral
0.2657463330457291,0.3269230769230769,0.2836538461538461,False,27,32,71002003,mistral
0.2628676470588235,0.3516483516483517,0.1318681318681318,False,14,12,71133003,mistral
0.5289855072463768,0.6,0.56,False,6,9,71042002,mistral
0.0787037037037037,0.1666666666666666,0.1666666666666666,False,7,6,71054002,mistral
0.5696465696465697,0.7258064516129032,0.3279569892473118,False,32,37,71003003,mistral
0.3491902834008097,0.3850574712643678,0.3850574712643678,False,23,31,71111002,mistral
0.086073500967118,0.094240837696335,0.094240837696335,False,23,25,71106002,mistral
0.02248126561199,0.0746268656716417,0.0746268656716417,False,24,23,71108002,mistral
0.041405269761606,0.1328671328671328,0.1188811188811188,True,16,16,71112003,mistral
0.4272970561998216,0.5431472081218274,0.1370558375634517,False,23,21,71157001,mistral
0.268334771354616,0.3269230769230769,0.2788461538461538,False,27,32,71002003,mistral
0.2647058823529412,0.3516483516483517,0.1318681318681318,False,14,12,71133003,mistral
0.1231884057971014,0.16,0.12,False,6,7,71042002,mistral
0.0787037037037037,0.1944444444444444,0.1944444444444444,False,7,6,71054002,mistral
0.5561330561330561,0.7204301075268817,0.3440860215053763,False,32,36,71003003,mistral
0.3481781376518219,0.3793103448275862,0.3793103448275862,False,23,31,071111002,mistral
