cer,wer,bwer,line_count_match,gt_line_count,transcription_line_count,document_id,method
0.2127659574468085,0.24083769633507854,0.24083769633507854,False,23,26,071106002,openai
0.03330557868442964,0.09950248756218906,0.0845771144278607,True,24,24,071108002,openai
0.04015056461731493,0.15384615384615385,0.14685314685314685,False,16,15,071112003,openai
0.42908117752007136,0.5583756345177665,0.1319796954314721,False,23,24,071157001,openai
0.2631578947368421,0.3605769230769231,0.3076923076923077,False,27,31,071002003,openai
0.24080882352941177,0.32967032967032966,0.08791208791208792,False,14,13,071133003,openai
0.11594202898550725,0.16,0.12,False,6,7,071042002,openai
0.3425925925925926,0.3611111111111111,0.3333333333333333,False,7,11,071054002,openai
0.5311850311850311,0.6881720430107527,0.22043010752688172,False,32,24,071003003,openai
0.48279352226720645,0.4942528735632184,0.4827586206896552,False,23,40,071111002,openai
