method,mean_cer,median_cer,std_cer,mean_wer,median_wer,std_wer,mean_bwer,median_bwer,std_bwer,line_match_rate,num_documents
openai,0.2479776553523479,0.2398897058823529,0.1843846331311203,0.3276202090303585,0.3296703296703296,0.19762591312384356,0.21174353474328395,0.1444925632742891,0.13511315780668098,0.1,20
