method,mean_cer,median_cer,std_cer,mean_wer,median_wer,std_wer,mean_bwer,median_bwer,std_bwer,line_match_rate,num_documents
openai,0.2901965686110005,0.2444432637161853,0.21286623031155785,0.35015763929353216,0.3169642857142857,0.23644561208374898,0.2602842691608257,0.1828097731239092,0.19504525471172982,0.1,20
