cer,wer,bwer,line_count_match,gt_line_count,transcription_line_count,document_id,method
0.19825918762088976,0.19895287958115182,0.19895287958115182,False,23,27,071106002,openai
0.07243963363863447,0.11442786069651742,0.11442786069651742,False,24,25,071108002,openai
0.03136762860727729,0.11888111888111888,0.11188811188811189,True,16,16,071112003,openai
0.528099910793934,0.6548223350253807,0.4619289340101523,False,23,41,071157001,openai
0.24072476272648835,0.2932692307692308,0.25,False,27,34,071002003,openai
0.24816176470588236,0.34065934065934067,0.0989010989010989,False,14,11,071133003,openai
0.5217391304347826,0.56,0.52,False,6,9,071042002,openai
0.037037037037037035,0.08333333333333333,0.08333333333333333,False,7,6,071054002,openai
0.5176715176715176,0.6720430107526881,0.16666666666666666,False,32,26,071003003,openai
0.4817813765182186,0.4885057471264368,0.47701149425287354,False,23,40,071111002,openai
