method,mean_cer,median_cer,std_cer,mean_wer,median_wer,std_wer,mean_bwer,median_bwer,std_bwer,line_match_rate,num_documents
openai,0.047335483951772964,0.041443745339908605,0.03567209807436779,0.13430855096050281,0.1218814422146493,0.07375155074417343,0.12924263758950474,0.1218814422146493,0.06484094778396936,1.0,10
