method,mean_cer,median_cer,std_cer,mean_wer,median_wer,std_wer,mean_bwer,median_bwer,std_bwer,line_match_rate,num_documents
mistral,0.15582468251919412,0.1579529238523196,0.03228743013553488,0.47194763714522087,0.4690775681341719,0.07796529434255574,0.459699410510274,0.46196466007786763,0.07499960009677807,0.6,10
