{
  "openai": {
    "model": "gpt-4o",
    "avg_cer": 0.025588236828326727,
    "avg_wer": 0.13009130086929238,
    "avg_bwer": 0.1273299358853743,
    "doc_count": 10
  },
  "gemini": {
    "model": "gemini-2.0-flash",
    "avg_cer": 0.08631543543281077,
    "avg_wer": 0.33766662598776226,
    "avg_bwer": 0.3162223639701517,
    "doc_count": 10
  }
}