{
  "openai": {
    "model": "gpt-4o",
    "avg_cer": 0.06160421208096846,
    "avg_wer": 0.29471187408888305,
    "avg_bwer": 0.28961840323532095,
    "doc_count": 10
  },
  "gemini": {
    "model": "gemini-2.0-flash",
    "avg_cer": 0.18253447411919974,
    "avg_wer": 0.4722376039400368,
    "avg_bwer": 0.4605002422941428,
    "doc_count": 10
  }
}