{
  "openai": {
    "model": "gpt-4o",
    "avg_cer": 0.43469240341892174,
    "avg_wer": 0.7276182257359083,
    "avg_bwer": 0.6877377924479886,
    "doc_count": 10
  },
  "gemini": {
    "model": "gemini-2.0-flash",
    "avg_cer": 0.2903237564518685,
    "avg_wer": 0.6708969022433455,
    "avg_bwer": 0.6303832609918909,
    "doc_count": 10
  }
}