{
  "openai": {
    "model": "gpt-4o",
    "avg_cer": 0.08810599734616134,
    "avg_wer": 0.2794076483329641,
    "avg_bwer": 0.2703345304045595,
    "doc_count": 10
  },
  "gemini": {
    "model": "gemini-2.0-flash",
    "avg_cer": 0.10049480367489769,
    "avg_wer": 0.2695383391247148,
    "avg_bwer": 0.26122598062705393,
    "doc_count": 10
  }
}