method,mean_cer,median_cer,std_cer,mean_wer,median_wer,std_wer,mean_bwer,median_bwer,std_bwer,line_match_rate,num_documents
transkribus,0.08127946959285068,0.08120651339741974,0.008981109787813042,0.3967295798702028,0.3720451095207113,0.07281649281767366,0.39046489467464474,0.3629442970822281,0.07433802699379537,0.7,80
