{
  "openai": {
    "model": "gpt-4o",
    "avg_cer": 0.06756619676367771,
    "avg_wer": 0.30952803206016466,
    "avg_bwer": 0.3053997236341884,
    "doc_count": 10
  },
  "gemini": {
    "model": "gemini-2.0-flash",
    "avg_cer": 0.10397305279692996,
    "avg_wer": 0.411339667705818,
    "avg_bwer": 0.39566067993212006,
    "doc_count": 10
  }
}