{
  "openai": {
    "model": "gpt-4o",
    "avg_cer": 0.44466973935364906,
    "avg_wer": 0.7589513245395789,
    "avg_bwer": 0.7266092450835001,
    "doc_count": 10
  },
  "gemini": {
    "model": "gemini-2.0-flash",
    "avg_cer": 0.17655964759096732,
    "avg_wer": 0.5697996939569434,
    "avg_bwer": 0.5413031446625279,
    "doc_count": 10
  }
}
