{
  "gemini": {
    "model": "gemini-2.0-flash",
    "avg_cer": 0.044202287103973795,
    "avg_wer": 0.21675254726278506,
    "avg_bow": 0.34331219140329555,
    "doc_count": 10
  },
  "openai": {
    "model": "gpt-4o",
    "avg_cer": 0.06370406056737882,
    "avg_wer": 0.32526600754340707,
    "avg_bow": 0.4612210587434878,
    "doc_count": 10
  },
  "mistral": {
    "model": "mistral-small-latest",
    "avg_cer": 0.13914054579762541,
    "avg_wer": 0.4705562024191652,
    "avg_bow": 0.5904209988402368,
    "doc_count": 10
  }
}