{
  "gemini": {
    "model": "gemini-2.0-flash",
    "avg_cer": 0.12940074347775268,
    "avg_wer": 0.4413448388205766,
    "avg_bwer": 0.4303934250503376,
    "doc_count": 10
  },
  "openai": {
    "model": "gpt-4o",
    "avg_cer": 0.08161100785801538,
    "avg_wer": 0.34723945172166726,
    "avg_bwer": 0.3379365361350356,
    "doc_count": 10
  },
  "mistral": {
    "model": "mistral-small-latest",
    "avg_cer": 0.15874966363111037,
    "avg_wer": 0.5168476911426892,
    "avg_bwer": 0.4958776531493963,
    "doc_count": 10
  }
}