method,mean_cer,median_cer,std_cer,mean_wer,median_wer,std_wer,mean_bwer,median_bwer,std_bwer,line_match_rate,num_documents
openai,0.18429376543231024,0.04298526883219475,0.21052687926076008,0.24668387167630446,0.0842465991719723,0.24403021332861924,0.1353347458350688,0.08,0.15204938019940323,0.1,40
