method,mean_cer,median_cer,std_cer,mean_wer,median_wer,std_wer,mean_bwer,median_bwer,std_bwer,line_match_rate,num_documents
mistral,0.2546293859698817,0.257779589402629,0.2124333070691638,0.3263609003825282,0.33688186813186816,0.23839443200104626,0.21802349879606808,0.1518481518481518,0.16637687887921643,0.0,10
