method,mean_cer,median_cer,std_cer,mean_wer,median_wer,std_wer,mean_bwer,median_bwer,std_bwer,line_match_rate,num_documents
mistral,0.07481072811983207,0.050548886004758806,0.09078231684474447,0.17913919830647257,0.1580840590685346,0.11993249700673358,0.171477566816477,0.1510791366906475,0.11520341046355728,0.8,40
