cer,wer,bwer,line_count_match,gt_line_count,transcription_line_count,document_id,method
0.0224390243902439,0.0846560846560846,0.0846560846560846,True,21,21,71106002,mistral
0.0201005025125628,0.0804020100502512,0.0804020100502512,True,22,22,71108002,mistral
0.0461538461538461,0.1294964028776978,0.1294964028776978,True,15,15,71112003,mistral
0.0469441984056687,0.1538461538461538,0.1487179487179487,True,26,26,71157001,mistral
0.0403155127081507,0.1182266009852216,0.1182266009852216,True,27,27,71002003,mistral
0.0559701492537313,0.1222222222222222,0.1111111111111111,True,12,12,71133003,mistral
0.0300751879699248,0.1304347826086956,0.1304347826086956,True,4,4,71042002,mistral
0.032258064516129,0.1388888888888889,0.1388888888888889,True,7,7,71054002,mistral
0.1120507399577167,0.2937853107344633,0.2429378531073446,True,28,28,71003003,mistral
0.0817160367722165,0.1578947368421052,0.1578947368421052,True,21,21,71111002,mistral
0.0156097560975609,0.0634920634920634,0.0634920634920634,True,21,21,71106002,mistral
0.0175879396984924,0.0753768844221105,0.0753768844221105,True,22,22,71108002,mistral
0.0423076923076923,0.1223021582733813,0.1223021582733813,True,15,15,71112003,mistral
0.0336581045172719,0.1179487179487179,0.1179487179487179,True,26,26,71157001,mistral
0.0411919368974583,0.1280788177339901,0.1182266009852216,True,27,27,71002003,mistral
0.042910447761194,0.1111111111111111,0.1111111111111111,True,12,12,71133003,mistral
0.0300751879699248,0.1304347826086956,0.1304347826086956,True,4,4,71042002,mistral
0.0552995391705069,0.1944444444444444,0.1944444444444444,True,7,7,71054002,mistral
0.0993657505285412,0.2937853107344633,0.2429378531073446,True,28,28,71003003,mistral
0.0296220633299285,0.09941520467836257,0.09941520467836257,True,21,21,071111002,mistral
