method,mean_cer,median_cer,std_cer,mean_wer,median_wer,std_wer,mean_bwer,median_bwer,std_bwer,line_match_rate,num_documents
mistral,0.1096089965168195,0.09634430659668794,0.04093401688093634,0.3727140771145032,0.3405805515239477,0.10081140318181968,0.3643600714332747,0.3396226415094339,0.0960896519101618,0.6166666666666667,60
