cer,wer,bwer,line_count_match,gt_line_count,transcription_line_count,document_id,method
0.19607843137254902,0.6383647798742138,0.6132075471698113,False,34,35,7474188,mistral
0.1870967741935484,0.5936395759717314,0.5795053003533569,True,31,31,7474189,mistral
0.16932153392330385,0.5103448275862069,0.49310344827586206,True,31,31,7474194,mistral
0.12743461324429606,0.4276923076923077,0.4246153846153846,True,33,33,7474190,mistral
0.11450381679389313,0.4,0.4,True,4,4,7474184,mistral
0.15489130434782608,0.46825396825396826,0.4523809523809524,False,28,29,7474185,mistral
0.15603217158176944,0.4289940828402367,0.40828402366863903,True,33,33,7474191,mistral
0.16130790190735694,0.5236593059936908,0.5110410094637224,True,33,33,7474187,mistral
0.17318435754189945,0.5188679245283019,0.5125786163522013,True,32,32,7474193,mistral
0.1458710066305003,0.40213523131672596,0.3807829181494662,False,33,34,7474186,mistral
