method,mean_cer,median_cer,std_cer,mean_wer,median_wer,std_wer,mean_bwer,median_bwer,std_bwer,line_match_rate,num_documents
openai,0.18608325242398657,0.0476787954830614,0.19799936331349374,0.2682790892376027,0.1503496503496503,0.22586969505678012,0.15524861275079635,0.0879120879120879,0.14930346019736412,0.45,20
