method,mean_cer,median_cer,std_cer,mean_wer,median_wer,std_wer,mean_bwer,median_bwer,std_bwer,line_match_rate,num_documents
openai,0.09401518095845207,0.08623054843221814,0.039945692932084165,0.35899829090438196,0.3393491124260355,0.06507082182444136,0.35028316514188285,0.33011559340549096,0.06799160160260691,0.734375,64
