method,mean_cer,median_cer,std_cer,mean_wer,median_wer,std_wer,mean_bwer,median_bwer,std_bwer,line_match_rate,num_documents
openai,0.4806932450555479,0.1870824053452116,0.8739831651337827,0.7465854739917759,0.5102739726027398,0.7934494331202377,0.705683072922563,0.4812286689419795,0.7913668451604415,1.0,47
