cer,wer,bwer,line_count_match,gt_line_count,transcription_line_count,document_id,method
0.2630718954248366,0.6194968553459119,0.5566037735849056,False,34,33,7474188,openai
0.27038123167155426,0.6537102473498233,0.607773851590106,True,31,31,7474189,openai
0.26430678466076696,0.6137931034482759,0.5620689655172414,True,31,31,7474194,openai
0.05343511450381679,0.3,0.3,True,4,4,7474184,openai
0.25630026809651474,0.5887573964497042,0.514792899408284,True,33,33,7474191,openai
0.2332425068119891,0.5772870662460567,0.4794952681388013,True,33,33,7474187,openai
0.2748603351955307,0.6352201257861635,0.550314465408805,False,32,31,7474193,openai
0.3134418324291742,0.6690391459074733,0.6156583629893239,False,33,32,7474186,openai
