method,mean_cer,median_cer,std_cer,mean_wer,median_wer,std_wer,mean_bwer,median_bwer,std_bwer,line_match_rate,num_documents
openai,0.7523765981683408,0.28452034671479554,2.6958913945462353,1.128911455488995,0.6488993710691824,2.5359730740842257,1.0745850722004193,0.6,2.5303907526890246,0.15384615384615385,52
