method,mean_cer,median_cer,std_cer,mean_wer,median_wer,std_wer,mean_bwer,median_bwer,std_bwer,line_match_rate,num_documents
openai,0.919555149689253,0.2906166219839142,3.8711469540282475,1.2876296427926623,0.6477987421383647,3.631895698828325,1.2338347085442405,0.5936395759717314,3.6289434908185534,0.1523809523809524,105
