method,mean_cer,median_cer,std_cer,mean_wer,median_wer,std_wer,mean_bwer,median_bwer,std_bwer,line_match_rate,num_documents
openai,0.0686085646940584,0.0637577610728533,0.02391433908094249,0.30577855355336825,0.28154329946782775,0.10601164149062786,0.29784311139775577,0.27283485565704374,0.10168980413352764,0.725,40
