method,mean_cer,median_cer,std_cer,mean_wer,median_wer,std_wer,mean_bwer,median_bwer,std_bwer,line_match_rate,num_documents
openai,1.0974779488579196,0.23775811209439524,3.5130450314452344,1.6603968074364819,0.5489995191000899,4.4352584959136765,1.6029344176230889,0.4788002448479901,4.433890693934334,0.6,20
