cer,wer,bwer,line_count_match,gt_line_count,transcription_line_count,document_id,method
0.24673202614379086,0.5094339622641509,0.44654088050314467,False,34,33,7474188,openai
0.1935483870967742,0.5441696113074205,0.5053003533568905,True,31,31,7474189,openai
0.08396946564885496,0.3,0.3,True,4,4,7474184,openai
0.25679347826086957,0.5912698412698413,0.5476190476190477,True,28,28,7474185,openai
0.24932975871313673,0.5680473372781065,0.47633136094674555,True,33,33,7474191,openai
0.2217983651226158,0.5236593059936908,0.4479495268138801,True,33,33,7474187,openai
0.25139664804469275,0.5817610062893082,0.4937106918238994,True,32,32,7474193,openai
