method,mean_cer,median_cer,std_cer,mean_wer,median_wer,std_wer,mean_bwer,median_bwer,std_bwer,line_match_rate,num_documents
openai,0.29933660005159574,0.0230292294065544,0.4513443466536185,0.339591022821638,0.0761133603238866,0.42659567517886027,0.3383803690686113,0.0761133603238866,0.42708590976143024,1.0,28
