method,mean_cer,median_cer,std_cer,mean_wer,median_wer,std_wer,mean_bwer,median_bwer,std_bwer,line_match_rate,num_documents
openai,0.06133343665910744,0.0407440212577502,0.08103274128139815,0.1571510572812371,0.1398601398601398,0.10207465161101213,0.14907139147976697,0.1394230769230769,0.0932770587189825,0.8048780487804879,41
