method,mean_cer,median_cer,std_cer,mean_wer,median_wer,std_wer,mean_bwer,median_bwer,std_bwer,line_match_rate,num_documents
openai,0.09610176641183987,0.09975889089813135,0.02442202271077196,0.4168344231846407,0.4169420659956937,0.11233285221848231,0.4034055692225918,0.41066862038713525,0.10807996073874629,0.5,70
