method,mean_cer,median_cer,std_cer,mean_wer,median_wer,std_wer,mean_bwer,median_bwer,std_bwer,line_match_rate,num_documents
openai,0.09251161624798226,0.09738670433011455,0.02501908473473102,0.4041243012422683,0.3975966122609232,0.11892818262504073,0.3882199742685095,0.3855944893680743,0.11473241513397983,0.45,20
