method,mean_cer,median_cer,std_cer,mean_wer,median_wer,std_wer,mean_bwer,median_bwer,std_bwer,line_match_rate,num_documents
mistral,0.06620915735895236,0.06150780247247175,0.028383444145519778,0.25480475462007884,0.24267537493952585,0.07114358049235138,0.2512017951289479,0.2379583938074504,0.06927524355981006,0.7333333333333333,30
