cer,wer,bwer,line_count_match,gt_line_count,transcription_line_count,document_id,method
0.07570806100217865,0.3710691823899371,0.3553459119496855,True,34,34,7474188,mistral
0.04868035190615836,0.24381625441696114,0.24381625441696114,True,31,31,7474189,mistral
0.05781710914454277,0.28620689655172415,0.2827586206896552,True,31,31,7474194,mistral
0.06121313299944352,0.2523076923076923,0.2523076923076923,True,33,33,7474190,mistral
0.05343511450381679,0.2,0.2,False,4,8,7474184,mistral
0.09578804347826086,0.3492063492063492,0.30158730158730157,False,28,29,7474185,mistral
0.04986595174262735,0.20710059171597633,0.20414201183431951,True,33,33,7474191,mistral
0.07247956403269755,0.31545741324921134,0.31230283911671924,True,33,33,7474187,mistral
0.06368715083798883,0.2641509433962264,0.2641509433962264,True,32,32,7474193,mistral
0.07836045810729356,0.2846975088967972,0.28113879003558717,False,33,32,7474186,mistral
