method,mean_cer,median_cer,std_cer,mean_wer,median_wer,std_wer,mean_bwer,median_bwer,std_bwer,line_match_rate,num_documents
mistral,0.06573921821378503,0.062450141918716146,0.01492152336802434,0.27635180271371085,0.2708655072853018,0.06216881876569348,0.2687478949059128,0.2708655072853018,0.054304912985802124,0.7,20
