method,mean_cer,median_cer,std_cer,mean_wer,median_wer,std_wer,mean_bwer,median_bwer,std_bwer,line_match_rate,num_documents
mistral,0.08731522857855596,0.0821977173429146,0.04107968118352143,0.33761483043747953,0.3472222222222222,0.08301203882615045,0.32713427524168665,0.3366142390565259,0.0745550990654713,0.6428571428571429,70
