method,mean_cer,median_cer,std_cer,mean_wer,median_wer,std_wer,mean_bwer,median_bwer,std_bwer,line_match_rate,num_documents
openai,0.36647798637174145,0.4764064323134871,0.21585013805733025,0.431029318745911,0.4931997352109285,0.22128272571025795,0.3302595277748894,0.3489061920652577,0.21566419262089406,0.2,10
