cer,wer,bwer,line_count_match,gt_line_count,transcription_line_count,document_id,method
0.21566731141199227,0.2356020942408377,0.2356020942408377,False,23,26,071_106_002,openai
0.2426470588235294,0.32967032967032966,0.08791208791208792,False,14,13,071_133_003,openai
0.036231884057971016,0.12,0.08,True,6,6,071_042_002,openai
0.5322245322245323,0.6827956989247311,0.22043010752688172,False,32,25,071_003_003,openai
0.27092320966350303,0.3798076923076923,0.3317307692307692,False,27,31,071_002_003,openai
0.03164029975020816,0.08955223880597014,0.07960199004975124,False,24,23,071_108_002,openai
0.03137651821862348,0.08045977011494253,0.07471264367816093,False,23,21,071_111_002,openai
0.4299732381801962,0.5583756345177665,0.14213197969543148,False,23,22,071_157_001,openai
0.05092592592592592,0.1111111111111111,0.1111111111111111,False,7,5,071_054_002,openai
0.04140526976160602,0.15384615384615385,0.14685314685314685,True,16,16,071_112_003,openai
